ID,Description,setSize,NES,p.adjust,core_enrichment,GO,region,exp,methDiff_combined,Description2
GO:0003677,deoxyribodipyrimidine photo-lyase activity ,29,1.999999256,0.000391736,evm.utg888.71/evm.utg432.4/evm.utg432.4/evm.utg10069.5/evm.utg6477.35/evm.utg1101.47/evm.utg1101.47/evm.utg1101.47/evm.utg1101.47/evm.utg1101.47/evm.utg6477.35/evm.utg432.4/evm.utg5414.44/evm.utg432.4/evm.utg6477.35/evm.utg10069.5/evm.utg432.4/evm.utg432.4/evm.utg432.4/evm.utg432.4/evm.utg15522.6/evm.utg15522.6/evm.utg432.4/evm.utg888.65/evm.utg888.65/evm.utg10069.5/evm.utg24075.5/evm.utg10359.22/evm.utg2581.20/evm.utg432.4/evm.utg67002.5/utg2757.equina_smart_628199.mrna6/evm.utg3876.54/evm.utg3876.54/evm.utg10069.5/evm.utg24075.5/evm.utg2581.20/evm.utg2291.41/evm.utg2291.41/evm.utg432.4/evm.utg432.4,molecular_function,dispersed_repeat,exp1,4.916587549/1.555501222/1.555501222/-1.006059626/1.766784452/-4.218420548/-4.218420548/-4.218420548/-4.218420548/-4.218420548/1.766784452/1.555501222/1.992340816/1.555501222/1.766784452/-1.006059626/1.555501222/1.555501222/1.555501222/1.555501222/1.355932203/1.355932203/1.555501222/1.180321529/1.180321529/-1.006059626/-3.916628493/1.025641026/-0.658592951/1.555501222/0.026273976/0.856531049/0.838080217/0.838080217/-1.006059626/-3.916628493/-0.658592951/0.761947749/0.761947749/1.555501222/1.555501222,DNA binding
GO:0003677,deoxyribodipyrimidine photo-lyase activity ,14,1.843409379,0.003645492,evm.utg888.71/evm.utg24075.5/evm.utg2356.22/evm.utg1910.108/evm.utg10963.5/evm.utg888.71/evm.utg10359.22/evm.utg4977.3/evm.utg4977.3/evm.utg888.71/utg372.equina_smart_1409719.mrna1/evm.utg1746.24,molecular_function,exon,exp1,4.920241049/2.425028495/1.754236945/-2.183026977/1.19760479/4.920241049/1.025641026/0.865703101/0.865703101/4.920241049/-2.091063698/0.266522322,DNA binding
GO:0003723,RNA binding ,10,1.856282328,0.007604101,evm.utg194.102/evm.utg2606.44/evm.utg17539.13/evm.utg17539.13/evm.utg17539.13/evm.utg17539.13,molecular_function,gene,exp1,12.23021583/7.751937984/-8.525047689/-8.525047689/-8.525047689/-8.525047689,RNA binding
GO:0005509,calcium ion binding ,18,1.757740432,0.003586565,evm.utg268.24/evm.utg268.24/evm.utg268.24/evm.utg25070.5/evm.utg268.24/evm.utg268.24/evm.utg268.24/evm.utg715.40/evm.utg268.24/evm.utg268.24/evm.utg3884.52/evm.utg3884.52/evm.utg268.24/evm.utg1507.8/evm.utg18951.17/evm.utg268.24/evm.utg268.24/evm.utg268.24/evm.utg268.24/evm.utg18951.17/evm.utg268.24/evm.utg268.24/evm.utg268.24/evm.utg18951.17/evm.utg268.24/evm.utg3884.52/evm.utg3884.52/evm.utg9625.4/evm.utg268.24/evm.utg268.24/evm.utg268.24/evm.utg268.24/evm.utg268.24/evm.utg268.24/evm.utg268.24/evm.utg268.24/evm.utg268.24/evm.utg268.24/evm.utg268.24/evm.utg268.24/evm.utg268.24/evm.utg268.24/evm.utg268.24/evm.utg268.24/evm.utg268.24/evm.utg268.24/evm.utg268.24/evm.utg268.24/evm.utg268.24/evm.utg268.24/evm.utg268.24/evm.utg268.24/evm.utg268.24/evm.utg268.24/evm.utg2333.11/evm.utg2333.11/evm.utg268.24/evm.utg268.24/evm.utg268.24/evm.utg268.24/evm.utg268.24/evm.utg268.24/evm.utg268.24/evm.utg2333.11/evm.utg2333.11/evm.utg8494.28/evm.utg268.24/evm.utg268.24/evm.utg268.24/evm.utg3884.52/evm.utg597.238.1.5c22f2a4.1.5c27968f/evm.utg597.238.1.5c22f2a4.1.5c27968f/evm.utg268.24/evm.utg268.24/evm.utg268.24/evm.utg268.24/evm.utg2333.11/evm.utg15586.4/evm.utg2333.11/evm.utg2333.11/evm.utg268.24/evm.utg268.24/evm.utg268.24/evm.utg9625.4/evm.utg9625.4/evm.utg268.24/evm.utg268.24/evm.utg268.24/evm.utg268.24/evm.utg268.24/evm.utg3884.52/evm.utg268.24/evm.utg268.24/evm.utg597.238.1.5c22f2a4.1.5c27968f/evm.utg597.238.1.5c22f2a4.1.5c27968f/evm.utg268.24/evm.utg268.24/evm.utg268.24/evm.utg268.24/evm.utg3884.52/evm.utg3884.52/evm.utg3884.52/evm.utg8494.28/evm.utg268.24/evm.utg268.24/evm.utg268.24/evm.utg268.24/evm.utg268.24,molecular_function,dispersed_repeat,exp1,0.353519056/0.353519056/0.353519056/4.072119202/0.353519056/0.353519056/0.353519056/1.705026347/0.353519056/0.353519056/1.694915254/1.694915254/0.353519056/1.418439716/1.183431953/0.353519056/0.353519056/0.353519056/0.353519056/1.183431953/0.353519056/0.353519056/0.353519056/1.183431953/0.353519056/1.694915254/1.694915254/1.086956522/0.353519056/0.353519056/0.353519056/0.353519056/0.353519056/0.353519056/0.353519056/0.353519056/0.353519056/0.353519056/0.353519056/0.353519056/0.353519056/0.353519056/0.353519056/0.353519056/0.353519056/0.353519056/0.353519056/0.353519056/0.353519056/0.353519056/0.353519056/0.353519056/0.353519056/0.353519056/-2.380952381/-2.380952381/0.353519056/0.353519056/0.353519056/0.353519056/0.353519056/0.353519056/0.353519056/-2.380952381/-2.380952381/0.710479574/0.353519056/0.353519056/0.353519056/1.694915254/0.512295082/0.512295082/0.353519056/0.353519056/0.353519056/0.353519056/-2.380952381/0.58910162/-2.380952381/-2.380952381/0.353519056/0.353519056/0.353519056/1.086956522/1.086956522/0.353519056/0.353519056/0.353519056/0.353519056/0.353519056/1.694915254/0.353519056/0.353519056/0.512295082/0.512295082/0.353519056/0.353519056/0.353519056/0.353519056/1.694915254/1.694915254/1.694915254/0.710479574/0.353519056/0.353519056/0.353519056/0.353519056/0.353519056,calcium ion binding
GO:0006281,DNA repair ,10,1.589656166,0.069001516,evm.utg4290.10/evm.utg2343.3/evm.utg286.15/evm.utg18927.41/evm.utg286.15/evm.utg2343.3/evm.utg286.15/evm.utg1781.59/evm.utg18927.12/evm.utg1781.59/evm.utg4290.10/evm.utg1177.11/evm.utg1025.3/evm.utg18927.12,biological_processes,exon,exp1,3.6685642/-2.613046701/0.898876404/0.940438871/0.898876404/-2.613046701/0.898876404/0.668151448/0.724637681/0.668151448/3.6685642/0.31779661/0.507614213/0.724637681,DNA repair
GO:0006281,DNA repair ,23,1.584719974,0.083773357,evm.utg44757.6/evm.utg17372.9/evm.utg4428.2/evm.utg2343.3,biological_processes,gene,exp1,8.600006758/5.770712473/4.08340657/3.679119631,DNA repair
GO:0006310,DNA integration ,21,1.981313031,0.000149999,evm.utg10069.5/evm.utg10069.5/evm.utg1910.100/evm.utg67002.5/evm.utg67002.5/evm.utg67002.5/evm.utg67002.5/evm.utg67002.5/evm.utg67002.5/evm.utg67002.5/evm.utg67002.5/evm.utg16835.2/evm.utg16835.2/evm.utg888.71/evm.utg10868.12/evm.utg4062.3/evm.utg24075.5/evm.utg1101.47/evm.utg1101.47/evm.utg1101.47/evm.utg1101.47/evm.utg1101.47,biological_processes,dispersed_repeat,exp1,-11826090.12,DNA recombination
GO:0006310,DNA integration ,10,1.729296819,0.026353439,evm.utg5960.4/evm.utg3380.37/evm.utg4613.73/evm.utg4613.73/evm.utg1910.108/evm.utg888.71/evm.utg888.71/evm.utg5960.4/evm.utg4977.3/evm.utg4613.73/evm.utg4613.73/evm.utg4613.73/evm.utg4613.73/evm.utg4613.73/evm.utg4613.73/evm.utg4613.73/evm.utg24075.5/evm.utg1910.108/evm.utg24075.5/evm.utg1910.108/evm.utg24075.5,biological_processes,exon,exp1,573.885623,DNA recombination
GO:0006310,DNA integration ,24,1.615370184,0.065386485,evm.utg359.34/evm.utg1910.100/evm.utg580.68/evm.utg580.69/utg162.evm.utg648.3.mrna9/utg116.evm.utg19612.2.mrna6/evm.utg4977.3/evm.utg1910.108/evm.utg359.34/evm.utg580.68/evm.utg580.69/utg10470.evm.utg7145.42.mrna2/utg10470.evm.utg7145.42.mrna2/utg116.evm.utg19612.2.mrna6/evm.utg24075.5/utg116.evm.utg19612.2.mrna6,biological_processes,gene,exp1,0.005903331,DNA recombination
GO:0006310,DNA integration ,10,1.448223373,0.08203125,evm.utg219.7/evm.utg219.7/evm.utg10069.5/evm.utg9150.19,biological_processes,promoter,exp1,3.111298109/3.111298109/0.402623848/1.458787832,DNA recombination
GO:0006508,complement activation ,16,1.833898423,0.001462073,evm.utg234.35/evm.utg219.62/evm.utg3576.13/evm.utg3576.13/evm.utg3576.13/evm.utg126.1/evm.utg2333.1/evm.utg2333.1/evm.utg2333.1/evm.utg2333.1/evm.utg234.35/evm.utg1686.15/evm.utg1686.15/evm.utg1686.15/evm.utg1686.15/evm.utg234.35/evm.utg1686.15/evm.utg1686.15/evm.utg1686.15/evm.utg1686.15/evm.utg54510.3/evm.utg16444.27/evm.utg16444.27/evm.utg16444.27/evm.utg1177.11/evm.utg1177.11/evm.utg597.22/evm.utg597.22/evm.utg3576.13/evm.utg234.36/evm.utg234.36/evm.utg16444.27/evm.utg16444.27/evm.utg16444.27/evm.utg3576.13/evm.utg2333.1/evm.utg2333.1/evm.utg16444.27/evm.utg16444.27/evm.utg16444.27/evm.utg2333.1/evm.utg2333.1,biological_processes,dispersed_repeat,exp1,6.491091507/5.887912689/0.5859375/0.5859375/0.5859375/2.696387977/0.423728814/0.423728814/0.423728814/0.423728814/6.491091507/1.333333333/1.333333333/1.333333333/1.333333333/6.491091507/1.333333333/1.333333333/1.333333333/1.333333333/0.172283768/0.563380282/0.563380282/0.563380282/0.92879257/0.92879257/0.666666667/0.666666667/0.5859375/-3.538812785/-3.538812785/0.563380282/0.563380282/0.563380282/0.5859375/0.423728814/0.423728814/0.563380282/0.563380282/0.563380282/0.423728814/0.423728814,proteolysis
GO:0007165,positive regulation of defense response ,23,1.742202934,0.038837026,evm.utg44757.1/evm.utg1278.24/evm.utg1890.18/evm.utg2073.29/evm.utg20679.4/evm.utg95.20/evm.utg6078.13/evm.utg13175.4/evm.utg1278.24,biological_processes,gene,exp1,8.600006758/4.660094055/4.607496611/4.138267298/2.464591771/2.083333333/2.017790905/1.508295626/4.660094055,signal transduction
GO:0008270,alcohol dehydrogenase (NAD+) activity ,34,1.932823009,0.000833073,evm.utg4290.31/evm.utg4290.31/evm.utg4290.31/utg320.equina_smart_81499.mrna2/evm.utg4290.31/evm.utg4290.31/evm.utg4290.31/evm.utg1355.26/evm.utg4290.31/evm.utg4290.31/evm.utg4290.31/evm.utg4290.31/evm.utg4290.31/evm.utg4290.31/evm.utg4290.31/evm.utg4290.31/evm.utg4290.31/evm.utg3906.20/evm.utg3906.20/evm.utg4290.31/evm.utg4290.31/evm.utg4290.31/evm.utg234.35/evm.utg234.35/evm.utg234.35/evm.utg234.35/evm.utg3906.20/evm.utg3906.20/evm.utg3906.20/evm.utg3906.20/evm.utg3906.20/evm.utg3906.20/evm.utg234.35/evm.utg234.35/evm.utg234.35/evm.utg234.35/evm.utg234.36/utg359.equina_smart_1478170.mrna2/evm.utg48808.5/evm.utg48808.6/evm.utg2814.32/evm.utg2814.32/evm.utg3906.24,molecular_function,dispersed_repeat,exp1,0.081566069/0.081566069/0.081566069/-1.441102757/0.081566069/0.081566069/0.081566069/-0.8/0.081566069/0.081566069/0.081566069/0.081566069/0.081566069/0.081566069/0.081566069/0.081566069/0.081566069/-0.905125684/-0.905125684/0.081566069/0.081566069/0.081566069/6.491091507/6.491091507/6.491091507/6.491091507/-0.905125684/-0.905125684/-0.905125684/-0.905125684/-0.905125684/-0.905125684/6.491091507/6.491091507/6.491091507/6.491091507/-3.538812785/0.92879257/-5.006857661/-5.540087099/-9.235103979/-9.235103979/-0.075693595,zinc ion binding
GO:0046872,metal ion binding ,38,1.911890099,0.000833073,evm.utg194.96/evm.utg194.96/evm.utg4695.52/evm.utg4290.34/evm.utg4695.96/evm.utg4028.15/evm.utg4028.15/evm.utg5960.15/evm.utg5960.15/evm.utg1507.9/evm.utg7179.20/evm.utg1507.9/evm.utg5390.71/evm.utg5390.71/evm.utg17994.17/evm.utg420.14/evm.utg3906.19.2.5c22f03a/evm.utg29733.14/evm.utg29733.14/evm.utg29733.14/evm.utg5390.71/evm.utg5390.71/evm.utg5390.71/evm.utg5390.71/evm.utg174599.4/evm.utg174599.4/evm.utg4157.60/evm.utg4157.60/evm.utg1177.11/evm.utg4157.60/evm.utg4157.60/evm.utg1177.11/evm.utg1507.9/evm.utg286.32/evm.utg17994.17/evm.utg420.14/evm.utg4028.15/evm.utg17994.17/evm.utg5390.71/evm.utg5390.71/evm.utg174599.4/evm.utg174599.4/evm.utg286.32/evm.utg17994.17/evm.utg1507.9/evm.utg4028.15/evm.utg4028.15/evm.utg29733.14/evm.utg29733.14/evm.utg29733.14/evm.utg1507.9/evm.utg1507.9/evm.utg734.48/evm.utg29733.14,molecular_function,dispersed_repeat,exp1,8.425788955/8.425788955/8.184872239/5.956043956/4.545454545/0.660211063/0.660211063/-0.110395035/-0.110395035/0.085034014/1.421800948/0.085034014/1.003344482/1.003344482/-0.153015302/1.092768241/1.06480073/1.030927835/1.030927835/1.030927835/1.003344482/1.003344482/1.003344482/1.003344482/0.696055684/0.696055684/0.227587587/0.227587587/0.92879257/0.227587587/0.227587587/0.92879257/0.085034014/0.112629444/-0.153015302/1.092768241/0.660211063/-0.153015302/1.003344482/1.003344482/0.696055684/0.696055684/0.112629444/-0.153015302/0.085034014/0.660211063/0.660211063/1.030927835/1.030927835/1.030927835/0.085034014/0.085034014/0.166389351/1.030927835,metal ion binding
GO:0046872,metal ion binding ,20,1.670230039,0.017382571,evm.utg1465.16/evm.utg989.16/evm.utg169038.1/evm.utg7042.6/evm.utg989.16/evm.utg7042.6/evm.utg1290.47/evm.utg3753.31/evm.utg3753.31/evm.utg3753.31/evm.utg3753.31,molecular_function,exon,exp1,-0.000136706,metal ion binding
GO:0046872,metal ion binding ,59,1.878536934,0.006101259,evm.utg116.56/evm.utg44757.6/evm.utg4695.52/evm.utg4290.34/evm.utg2159.14/evm.utg3339.8/evm.utg95.20/evm.utg3899.12/evm.utg3899.12/evm.utg18927.38/evm.utg989.16/evm.utg3158.30/evm.utg2159.14/evm.utg435.25/evm.utg3158.30/evm.utg3022.8/evm.utg236.48/evm.utg3899.12/evm.utg31363.22/evm.utg236.48/evm.utg18927.38/evm.utg262.53/evm.utg1177.11/evm.utg415.21/evm.utg44757.6/evm.utg6959.12,molecular_function,gene,exp1,13.93034826/8.600006758/8.184872239/5.956043956/2.43902439/2.338041148/2.083333333/1.862197393/1.862197393/0.534759358/1.187806788/0.529100529/2.43902439/-0.583880773/0.529100529/0.803212851/0.724637681/1.862197393/0.754400671/0.724637681/0.534759358/0.602409639/0.31779661/0.583817783/8.600006758/0.568181818,metal ion binding
GO:0003677,deoxyribodipyrimidine photo-lyase activity ,32,2.242771943,2.69E-05,evm.utg1101.47/evm.utg1101.47/evm.utg1101.47/evm.utg1101.47/evm.utg1101.47/evm.utg3876.54/evm.utg3158.41/evm.utg24075.5/evm.utg888.71/evm.utg5414.44/evm.utg2581.20/evm.utg1101.47/evm.utg1101.47/evm.utg1101.47/evm.utg1101.47/evm.utg1101.47/evm.utg24075.5/evm.utg10069.5/evm.utg1708.61/evm.utg2291.41/evm.utg2291.41/evm.utg221.40/evm.utg221.40/evm.utg221.40/evm.utg2581.20/evm.utg62.2/evm.utg62.2/evm.utg62.2,molecular_function,dispersed_repeat,exp2,7.490829159/7.490829159/7.490829159/7.490829159/7.490829159/-0.775193798/5.297256098/1.507174149/0.156862745/3.839086958/0.371747212/7.490829159/7.490829159/7.490829159/7.490829159/7.490829159/1.507174149/0.558659218/2.057613169/2.030456853/2.030456853/0.806451613/0.806451613/0.806451613/0.371747212/-1.194539249/-1.194539249/-1.194539249,DNA binding
GO:0003677,deoxyribodipyrimidine photo-lyase activity ,21,1.829775309,0.00398376,evm.utg1281.9/evm.utg798.44/evm.utg798.44.1.5c2797f4/evm.utg798.44/evm.utg798.44.1.5c2797f4/utg372.equina_smart_1409719.mrna1/evm.utg2581.3/evm.utg2581.3/evm.utg2581.3/evm.utg1910.100/evm.utg2356.22/evm.utg1910.100/evm.utg798.44/evm.utg798.44.1.5c2797f4/evm.utg798.44/evm.utg798.44.1.5c2797f4/evm.utg2356.22,molecular_function,exon,exp2,2.454545455/1.724137931/1.724137931/1.724137931/1.724137931/1.552446221/1.509433962/1.509433962/1.509433962/0.886771226/0.746712113/0.886771226/1.724137931/1.724137931/1.724137931/1.724137931/0.746712113,DNA binding
GO:0003677,deoxyribodipyrimidine photo-lyase activity ,14,1.683197607,0.019076448,utg498.evm.utg9285.12.mrna3/utg162.evm.utg648.3.mrna9/utg372.equina_smart_1409719.mrna1/utg116.evm.utg19612.2.mrna6/utg221.equina_smart_1695920.mrna3/utg14287.equina_smart_1752363utrorf.mrna1/utg57.evm.utg418.55.mrna4/utg14287.equina_smart_1752363utrorf.mrna1/utg57.evm.utg418.55.mrna4/utg162.evm.utg648.3.mrna9/utg221.equina_smart_1695920.mrna3/utg221.equina_smart_1695920.mrna3/utg498.evm.utg9285.12.mrna3,molecular_function,gene,exp2,2.277749448/1.678062039/-0.463857185/1.449097849/0.606060606/0.254124638/-5.951499445/0.254124638/-5.951499445/1.678062039/0.606060606/0.606060606/2.277749448,DNA binding
GO:0004674,ATP binding ,14,1.605597955,0.036528088,evm.utg162.19.2.5c22eb71/evm.utg162.19.2.5c22eb71/evm.utg162.19.3.5c22eb71/evm.utg162.19.3.5c22eb71/evm.utg162.19.3.5c22eb71/evm.utg162.19.2.5c22eb71/evm.utg162.19.2.5c22eb71/evm.utg162.19.2.5c22eb71/evm.utg162.19.2.5c22eb71/evm.utg162.19.3.5c22eb71/evm.utg162.19.3.5c22eb71/evm.utg162.19.2.5c22eb71/evm.utg162.19.3.5c22eb71/evm.utg162.19.3.5c22eb71/evm.utg162.19.3.5c22eb71/evm.utg162.19.3.5c22eb71/evm.utg162.19.3.5c22eb71/evm.utg162.19.3.5c22eb71/evm.utg162.19.3.5c22eb71/evm.utg162.19.3.5c22eb71/evm.utg12382.27/evm.utg12382.27/evm.utg162.19.2.5c22eb71/evm.utg17602.16,molecular_function,dispersed_repeat,exp2,0.231481481/0.231481481/-0.913948256/-0.913948256/-0.913948256/0.231481481/0.231481481/0.231481481/0.231481481/-0.913948256/-0.913948256/0.231481481/-0.913948256/-0.913948256/-0.913948256/-0.913948256/-0.913948256/-0.913948256/-0.913948256/-0.913948256/1.123595506/1.123595506/0.231481481/-3.082318199,protein serine/threonine kinase activity
GO:0004674,ATP binding ,10,1.642118643,0.033978972,evm.utg162.19.1.5c22eb71/evm.utg162.19/evm.utg162.19.2.5c22eb71/evm.utg162.19.1.5c22eb71/evm.utg162.19/evm.utg162.19.2.5c22eb71/evm.utg162.19.1.5c22eb71/evm.utg162.19/evm.utg162.19.2.5c22eb71/evm.utg162.19.1.5c22eb71/evm.utg162.19.1.5c22eb71/evm.utg162.19/evm.utg162.19.2.5c22eb71/evm.utg162.19.1.5c22eb71/evm.utg162.19/evm.utg162.19.2.5c22eb71/evm.utg162.19.1.5c22eb71/evm.utg162.19.1.5c22eb71/evm.utg162.19/evm.utg162.19.2.5c22eb71/evm.utg162.19.3.5c22eb71/evm.utg162.19.1.5c22eb71/evm.utg162.19/evm.utg162.19.2.5c22eb71/evm.utg162.19.3.5c22eb71/evm.utg162.19.1.5c22eb71/evm.utg162.19/evm.utg162.19.2.5c22eb71/evm.utg162.19.1.5c22eb71/evm.utg162.19/evm.utg162.19.2.5c22eb71/evm.utg162.19.1.5c22eb71/evm.utg162.19/evm.utg162.19.2.5c22eb71/evm.utg162.19.1.5c22eb71/evm.utg162.19/evm.utg162.19.2.5c22eb71/evm.utg162.19.3.5c22eb71/evm.utg162.19.1.5c22eb71/evm.utg162.19/evm.utg162.19.2.5c22eb71/evm.utg162.19.1.5c22eb71/evm.utg162.19/evm.utg162.19.2.5c22eb71/evm.utg162.19.1.5c22eb71/evm.utg162.19/evm.utg162.19.2.5c22eb71/evm.utg162.19.3.5c22eb71/evm.utg162.19.1.5c22eb71/evm.utg162.19/evm.utg162.19.2.5c22eb71,molecular_function,exon,exp2,1.678062039/0.225007249/0.422735999/1.678062039/0.225007249/0.422735999/1.678062039/0.225007249/0.422735999/1.678062039/1.678062039/0.225007249/0.422735999/1.678062039/0.225007249/0.422735999/1.678062039/1.678062039/0.225007249/0.422735999/-0.104402923/1.678062039/0.225007249/0.422735999/-0.104402923/1.678062039/0.225007249/0.422735999/1.678062039/0.225007249/0.422735999/1.678062039/0.225007249/0.422735999/1.678062039/0.225007249/0.422735999/-0.104402923/1.678062039/0.225007249/0.422735999/1.678062039/0.225007249/0.422735999/1.678062039/0.225007249/0.422735999/-0.104402923/1.678062039/0.225007249/0.422735999,protein serine/threonine kinase activity
GO:0004930,G protein-coupled receptor activity ,21,1.603653511,0.078289859,evm.utg259.52/evm.utg157399.2/evm.utg157399.2/evm.utg11962.21/evm.utg10358.16/evm.utg10358.16/evm.utg10358.16/evm.utg10358.16/evm.utg10358.16/evm.utg8792.50/evm.utg11660.5/evm.utg405.16/evm.utg405.16/evm.utg11962.21/evm.utg405.16/evm.utg405.16/evm.utg10358.16/evm.utg10358.16/evm.utg10358.16/evm.utg1236.44.1.5c22e96e/evm.utg10358.16/evm.utg10358.16/evm.utg10358.16/evm.utg10358.16/evm.utg10358.16/evm.utg2367.32,molecular_function,dispersed_repeat,exp2,3.49E+13,G protein-coupled receptor activity
GO:0005044,scavenger receptor activity ,10,1.709362507,0.036528088,evm.utg20168.5/evm.utg20168.5/evm.utg20168.5/evm.utg1465.5/evm.utg1465.5/evm.utg1465.5/evm.utg1465.5,molecular_function,dispersed_repeat,exp2,-2.30E-05,scavenger receptor activity
GO:0005044,scavenger receptor activity ,16,-1.696067618,0.019701343,evm.utg924.56/evm.utg924.56.1.5c22f513/evm.utg924.56.2.5c22f513/evm.utg924.56.2.5c22f513/evm.utg924.56.2.5c22f513/evm.utg924.56.3.5c22f513/evm.utg924.56.3.5c22f513/evm.utg924.56.3.5c22f513/evm.utg924.56.4.5c22f513/evm.utg924.56.4.5c22f513/evm.utg924.56/evm.utg924.56.1.5c22f513/evm.utg924.56.2.5c22f513/evm.utg924.56.2.5c22f513/evm.utg924.56.2.5c22f513/evm.utg924.56.3.5c22f513/evm.utg924.56.3.5c22f513/evm.utg924.56.3.5c22f513/evm.utg924.56.4.5c22f513/evm.utg924.56.4.5c22f513,molecular_function,exon,exp2,3.87E-10,scavenger receptor activity
GO:0005509,calcium ion binding ,24,1.631679723,0.036528088,evm.utg268.24/evm.utg1694.2/evm.utg5058.3/evm.utg2333.11/evm.utg234.34/evm.utg2333.11/evm.utg2333.11/evm.utg2333.11/evm.utg234.34/evm.utg5862.4/evm.utg2333.11/evm.utg2333.11/evm.utg2333.11/evm.utg2333.11/evm.utg2333.11/evm.utg3329.39/evm.utg9625.4/evm.utg2333.11/evm.utg3329.39/evm.utg268.24/evm.utg268.24/evm.utg268.24/evm.utg268.24/evm.utg25070.5/evm.utg2333.11/utg2333.equina_smart_1443686.mrna1/evm.utg2333.11/evm.utg268.24/evm.utg2333.11/evm.utg268.24/evm.utg2333.11/evm.utg2333.11/evm.utg2333.11/evm.utg268.24/evm.utg268.24/evm.utg2333.11/evm.utg3329.39/evm.utg268.24/evm.utg2333.11/evm.utg2333.11/evm.utg2333.11/evm.utg268.24/evm.utg2333.11/evm.utg2333.11/evm.utg2333.11/evm.utg268.24/evm.utg268.24/evm.utg381.18/evm.utg268.24/evm.utg268.24/evm.utg2333.11/evm.utg2333.11/evm.utg2333.11/evm.utg2333.11/evm.utg2333.11/evm.utg2333.11/evm.utg26517.15/evm.utg26517.15/evm.utg140265.1.1.5c278ffb/evm.utg2333.11/evm.utg2333.11/evm.utg26517.15/evm.utg26517.15/evm.utg268.24/evm.utg268.24/evm.utg268.24/evm.utg268.24/utg2333.equina_smart_1443686.mrna1/evm.utg9625.4/evm.utg262.3/evm.utg262.3/evm.utg268.24/evm.utg268.24/evm.utg268.24/evm.utg268.24/evm.utg268.24/evm.utg268.24/evm.utg262.3/evm.utg262.3/evm.utg262.3/evm.utg268.24/evm.utg268.24/evm.utg268.24/evm.utg2333.11/evm.utg268.24/evm.utg2333.11/evm.utg26517.15/evm.utg26517.15/evm.utg26517.15/evm.utg2333.11/evm.utg8494.28/evm.utg2007.46/evm.utg268.24/evm.utg268.24/evm.utg268.24/evm.utg2333.11/evm.utg2333.11/evm.utg9625.4/evm.utg3329.39/evm.utg268.24/evm.utg268.24/evm.utg268.24/evm.utg268.24/evm.utg8494.28/evm.utg2333.11/evm.utg268.24/evm.utg268.24/evm.utg268.24/evm.utg5058.3/evm.utg1464.8/evm.utg1464.8/evm.utg268.24/evm.utg268.24/evm.utg268.24/evm.utg268.24/evm.utg268.24/evm.utg268.24/evm.utg268.24/evm.utg26517.15/evm.utg26517.15/evm.utg26517.15/evm.utg268.24/evm.utg268.24/evm.utg5058.3/evm.utg268.24/evm.utg140265.1.1.5c278ffb/evm.utg268.24/evm.utg268.24/evm.utg268.24/evm.utg26517.15/evm.utg26517.15/evm.utg26517.15/evm.utg268.24/evm.utg268.24/evm.utg268.24/evm.utg2007.46/evm.utg268.24/evm.utg268.24/evm.utg268.24/evm.utg268.24/evm.utg268.24/evm.utg268.24,molecular_function,dispersed_repeat,exp2,0.002131489/2.622377622/0.363636364/0.591715976/-5.012406948/0.591715976/0.591715976/0.591715976/-5.012406948/1.811805961/0.591715976/0.591715976/0.591715976/0.591715976/0.591715976/0.546448087/0.147275405/0.591715976/0.546448087/0.002131489/0.002131489/0.002131489/0.002131489/1.454565702/0.591715976/0.726492828/0.591715976/0.002131489/0.591715976/0.002131489/0.591715976/0.591715976/0.591715976/0.002131489/0.002131489/0.591715976/0.546448087/0.002131489/0.591715976/0.591715976/0.591715976/0.002131489/0.591715976/0.591715976/0.591715976/0.002131489/0.002131489/-2.02020202/0.002131489/0.002131489/0.591715976/0.591715976/0.591715976/0.591715976/0.591715976/0.591715976/-0.83022143/-0.83022143/0.806451613/0.591715976/0.591715976/-0.83022143/-0.83022143/0.002131489/0.002131489/0.002131489/0.002131489/0.726492828/0.147275405/-0.704225352/-0.704225352/0.002131489/0.002131489/0.002131489/0.002131489/0.002131489/0.002131489/-0.704225352/-0.704225352/-0.704225352/0.002131489/0.002131489/0.002131489/0.591715976/0.002131489/0.591715976/-0.83022143/-0.83022143/-0.83022143/0.591715976/0.51813702/0.564971751/0.002131489/0.002131489/0.002131489/0.591715976/0.591715976/0.147275405/0.546448087/0.002131489/0.002131489/0.002131489/0.002131489/0.51813702/0.591715976/0.002131489/0.002131489/0.002131489/0.363636364/0.4784689/0.4784689/0.002131489/0.002131489/0.002131489/0.002131489/0.002131489/0.002131489/0.002131489/-0.83022143/-0.83022143/-0.83022143/0.002131489/0.002131489/0.363636364/0.002131489/0.806451613/0.002131489/0.002131489/0.002131489/-0.83022143/-0.83022143/-0.83022143/0.002131489/0.002131489/0.002131489/0.564971751/0.002131489/0.002131489/0.002131489/0.002131489/0.002131489/0.002131489,calcium ion binding
GO:0005524,argininosuccinate synthase activity ,12,1.673742527,0.036528088,evm.utg3787.50/evm.utg3787.50/evm.utg3787.50/evm.utg4567.35/evm.utg479.59/evm.utg479.59,molecular_function,dispersed_repeat,exp2,3.379874819/3.379874819/3.379874819/-0.417536534/0.402641823/0.402641823,ATP binding
GO:0006281,DNA repair ,13,1.849860633,0.013437001,utg320.equina_smart_81499.mrna2/evm.utg18932.1/evm.utg18932.1/evm.utg18932.1/evm.utg3339.10/evm.utg1177.11/evm.utg542.56/evm.utg18932.1/evm.utg3339.10/evm.utg3339.10/evm.utg3339.10/evm.utg18932.1/evm.utg18932.1/evm.utg18932.1/evm.utg18932.1/evm.utg18932.1/evm.utg18932.1/evm.utg6775.6/evm.utg6775.6/evm.utg18932.1/evm.utg18932.1/evm.utg18932.1/evm.utg4428.2/evm.utg4428.2/evm.utg3339.10/evm.utg3339.10/evm.utg18932.1/evm.utg3339.10/evm.utg6775.6/evm.utg6775.6/evm.utg44757.6/evm.utg18932.1/evm.utg18932.1/evm.utg219.61/evm.utg3339.10/evm.utg3339.10/evm.utg3339.10/evm.utg3339.10/evm.utg44757.6/evm.utg44757.6/evm.utg6775.6/evm.utg6775.6/evm.utg3339.10/evm.utg3339.10/evm.utg18932.1/evm.utg4428.2/evm.utg4428.2,biological_processes,dispersed_repeat,exp2,4.302430243/0.882742572/0.882742572/0.882742572/0.446428571/3.593320651/2.794920905/0.882742572/0.446428571/0.446428571/0.446428571/0.882742572/0.882742572/0.882742572/0.882742572/0.882742572/0.882742572/0.814111262/0.814111262/0.882742572/0.882742572/0.882742572/-1.149126144/-1.149126144/0.446428571/0.446428571/0.882742572/0.446428571/0.814111262/0.814111262/-0.738077614/0.882742572/0.882742572/0.454545455/0.446428571/0.446428571/0.446428571/0.446428571/-0.738077614/-0.738077614/0.814111262/0.814111262/0.446428571/0.446428571/0.882742572/-1.149126144/-1.149126144,DNA repair
GO:0006310,DNA integration ,20,1.946498588,0.001833103,evm.utg1101.47/evm.utg1101.47/evm.utg1101.47/evm.utg1101.47/evm.utg1101.47/evm.utg24075.5/evm.utg888.71/evm.utg5414.44/evm.utg1101.47/evm.utg1101.47/evm.utg1101.47/evm.utg1101.47/evm.utg1101.47/evm.utg24075.5/evm.utg10069.5/evm.utg2291.41/evm.utg2291.41/evm.utg24075.5/evm.utg2291.41/evm.utg2291.41/evm.utg1910.100/evm.utg24075.5/evm.utg1910.108/evm.utg1910.100,biological_processes,dispersed_repeat,exp2,7.490829159/7.490829159/7.490829159/7.490829159/7.490829159/1.507174149/0.156862745/3.839086958/7.490829159/7.490829159/7.490829159/7.490829159/7.490829159/1.507174149/0.558659218/2.030456853/2.030456853/1.507174149/2.030456853/2.030456853/-0.222115093/1.507174149/-1.254222199/-0.222115093,DNA recombination
GO:0006468,protein phosphorylation ,22,1.543950353,0.042731188,evm.utg14412.5/evm.utg14412.5/evm.utg4610.44/evm.utg12382.27/evm.utg12382.27/evm.utg4610.44/evm.utg17602.16/evm.utg3329.37/evm.utg3329.37/evm.utg4610.44,biological_processes,dispersed_repeat,exp2,-0.001419386,protein phosphorylation
GO:0006508,complement activation ,19,1.58714946,0.042731188,evm.utg2333.1/evm.utg2333.1/evm.utg3576.13/evm.utg2333.1/evm.utg2333.1/evm.utg3576.13/evm.utg234.36/evm.utg109891.3/evm.utg2333.1/evm.utg2333.1/evm.utg234.36/evm.utg2333.1/evm.utg2333.1/evm.utg234.36/evm.utg234.36/evm.utg16444.27/evm.utg126.1/evm.utg16444.27/evm.utg219.62/evm.utg3576.13/evm.utg234.35/evm.utg234.35/evm.utg234.35/evm.utg234.35/evm.utg234.35/evm.utg126.1/evm.utg234.36,biological_processes,dispersed_repeat,exp2,-1.614872586,proteolysis
GO:0007165,positive regulation of defense response ,14,1.618419829,0.0538084,evm.utg6078.1/evm.utg4028.15/evm.utg498.198/evm.utg498.198/evm.utg498.198/evm.utg4028.15/evm.utg1579.13/evm.utg6078.1/evm.utg5122.15/evm.utg5122.15/evm.utg498.198/evm.utg498.198,biological_processes,dispersed_repeat,exp2,0.061886102,signal transduction
GO:0008270,alcohol dehydrogenase (NAD+) activity ,50,2.221693704,2.69E-05,evm.utg9776.6/evm.utg9776.6/evm.utg3906.21/evm.utg286.32/evm.utg286.32/evm.utg3576.13/evm.utg234.36/evm.utg109891.3/utg4695.equina_smart_415891.mrna3/utg4695.equina_smart_415891.mrna3/utg4695.equina_smart_415891.mrna3/evm.utg234.36/utg4695.equina_smart_415891.mrna3/utg4695.equina_smart_415891.mrna3/utg4695.equina_smart_415891.mrna3/evm.utg334.83/evm.utg334.83/evm.utg9776.6/evm.utg9776.6/evm.utg9776.6/evm.utg4290.31/evm.utg4290.31/evm.utg4290.31/evm.utg4290.31/evm.utg234.36/evm.utg334.83/evm.utg334.83/evm.utg234.36/evm.utg16444.27/evm.utg4290.31/evm.utg4290.31/evm.utg4290.31/evm.utg4290.31/evm.utg16444.27/evm.utg9776.6/evm.utg9776.6/evm.utg9776.6/evm.utg17372.1/evm.utg17372.1/evm.utg3576.13/evm.utg48808.5/evm.utg234.35/evm.utg4290.31/evm.utg4290.31/evm.utg4290.31/evm.utg4290.31/evm.utg9776.6/evm.utg9776.6/evm.utg9776.6/evm.utg2814.32/evm.utg2814.32/evm.utg334.83/evm.utg334.83/evm.utg2814.32/evm.utg2814.32/evm.utg234.35/evm.utg234.35/evm.utg234.35/evm.utg234.35/evm.utg3906.21/evm.utg2814.32/evm.utg2814.32/evm.utg2814.32/evm.utg2814.32/utg4468.evm.utg14047.6.mrna2/evm.utg2814.32/evm.utg2814.32/evm.utg17372.1/evm.utg48808.5/evm.utg3906.24/evm.utg3906.24/evm.utg2814.32/evm.utg2814.32/evm.utg234.36,molecular_function,dispersed_repeat,exp2,118343.365,zinc ion binding
GO:0046872,metal ion binding ,55,1.619031845,0.032677039,evm.utg59087.4/evm.utg59087.4/evm.utg5390.71/evm.utg5390.71/evm.utg420.14/evm.utg174599.4/evm.utg334.5/evm.utg334.5/evm.utg334.5/evm.utg1507.9/evm.utg1507.9/evm.utg1507.9/evm.utg4157.60/evm.utg420.14/evm.utg24438.17/evm.utg59087.4/evm.utg1507.9/evm.utg1507.9/evm.utg44757.6/evm.utg174599.4/evm.utg174599.4/evm.utg174599.4/evm.utg174599.4/evm.utg420.14/evm.utg221.15/evm.utg420.14/evm.utg286.32/evm.utg708.3/evm.utg708.3/evm.utg1507.9/evm.utg1507.9/evm.utg7179.20/evm.utg44757.6/evm.utg44757.6/evm.utg4028.15/evm.utg1507.9/evm.utg5390.71/evm.utg5390.71/evm.utg17994.17/evm.utg4028.15/evm.utg4157.60/evm.utg4157.60/evm.utg286.32/evm.utg286.32/evm.utg1032.21/evm.utg4695.96/evm.utg4695.96/evm.utg174599.4/evm.utg1507.9/evm.utg8262.36/evm.utg8262.36/evm.utg194.96/evm.utg194.96/evm.utg4157.60/evm.utg4157.60/evm.utg221.15/evm.utg4695.96/evm.utg4695.96/evm.utg3339.8/evm.utg3339.8/evm.utg3339.8/evm.utg8262.36/evm.utg8262.36/evm.utg8262.36/evm.utg24438.17/evm.utg4290.31/evm.utg4290.31/evm.utg4290.31/evm.utg4290.31/evm.utg4028.15/evm.utg2521.21/evm.utg174599.4/evm.utg174599.4/evm.utg4157.60/evm.utg4157.60/evm.utg3339.8/evm.utg3339.8/evm.utg3339.8/evm.utg4695.96/evm.utg4695.96/evm.utg4290.31/evm.utg4290.31/evm.utg4290.31/evm.utg4290.31/evm.utg17994.17/evm.utg17994.17/evm.utg435.25/evm.utg194.96/evm.utg194.96/evm.utg3339.8/evm.utg3339.8/evm.utg4695.96/evm.utg4695.96/evm.utg59087.4/evm.utg59087.4/evm.utg169038.1/evm.utg4290.31/evm.utg4290.31/evm.utg4290.31/evm.utg4290.31/evm.utg24438.17/evm.utg4157.60/evm.utg4157.60/evm.utg169038.1/evm.utg103034.2/evm.utg4157.60/evm.utg24438.17/evm.utg8262.25/evm.utg8262.25/evm.utg2327.13/evm.utg29733.14/evm.utg4695.52,molecular_function,dispersed_repeat,exp2,0.476953227/0.476953227/0.499677354/0.499677354/-0.398579382/-1.333333333/2.032520325/2.032520325/2.032520325/-0.900900901/-0.900900901/-0.900900901/-0.196780674/-0.398579382/-0.700048614/0.476953227/-0.900900901/-0.900900901/-0.738077614/-1.333333333/-1.333333333/-1.333333333/-1.333333333/-0.398579382/-0.769230769/-0.398579382/-0.326797386/-0.797108826/-0.797108826/-0.900900901/-0.900900901/0.330033003/-0.738077614/-0.738077614/-0.448143406/-0.900900901/0.499677354/0.499677354/-0.529100529/-0.448143406/-0.196780674/-0.196780674/-0.326797386/-0.326797386/-1.302508145/-1.5/-1.5/-1.333333333/-0.900900901/-1.519756839/-1.519756839/-1.971207087/-1.971207087/-0.196780674/-0.196780674/-0.769230769/-1.5/-1.5/0.203488372/0.203488372/0.203488372/-1.519756839/-1.519756839/-1.519756839/-0.700048614/-0.176024612/-0.176024612/-0.176024612/-0.176024612/-0.448143406/-0.490196078/-1.333333333/-1.333333333/-0.196780674/-0.196780674/0.203488372/0.203488372/0.203488372/-1.5/-1.5/-0.176024612/-0.176024612/-0.176024612/-0.176024612/-0.529100529/-0.529100529/-1.851851852/-1.971207087/-1.971207087/0.203488372/0.203488372/-1.5/-1.5/0.476953227/0.476953227/0.197238659/-0.176024612/-0.176024612/-0.176024612/-0.176024612/-0.700048614/-0.196780674/-0.196780674/0.197238659/-3.225806452/-0.196780674/-0.700048614/-4.417670683/-4.417670683/-4.518939444/-0.218675714/-10.89017035,metal ion binding
GO:0046872,metal ion binding ,29,1.632170617,0.031394406,evm.utg3753.31/evm.utg7286.5/evm.utg55.177.178/evm.utg55.177.178.1.5c27962a/evm.utg55.177.178.2.5c27962a/evm.utg55.177.178.4.5c27962a/evm.utg55.177.178.5.5c27962a/evm.utg55.177.178.6.5c27962a/evm.utg55.177.178/evm.utg55.177.178.1.5c27962a/evm.utg55.177.178.2.5c27962a/evm.utg55.177.178.4.5c27962a/evm.utg55.177.178.5.5c27962a/evm.utg55.177.178.6.5c27962a/evm.utg55.177.178/evm.utg55.177.178.1.5c27962a/evm.utg55.177.178.2.5c27962a/evm.utg55.177.178.4.5c27962a/evm.utg55.177.178.5.5c27962a/evm.utg55.177.178.6.5c27962a/evm.utg55.177.178/evm.utg55.177.178.1.5c27962a/evm.utg55.177.178.2.5c27962a/evm.utg55.177.178.4.5c27962a/evm.utg55.177.178.5.5c27962a/evm.utg55.177.178.6.5c27962a,molecular_function,exon,exp2,-1.70E-07,metal ion binding
